[{"model": "contenttypes.contenttype", "pk": 1, "fields": {"app_label": "admin", "model": "logentry"}}, {"model": "contenttypes.contenttype", "pk": 2, "fields": {"app_label": "auth", "model": "permission"}}, {"model": "contenttypes.contenttype", "pk": 3, "fields": {"app_label": "auth", "model": "group"}}, {"model": "contenttypes.contenttype", "pk": 4, "fields": {"app_label": "auth", "model": "user"}}, {"model": "contenttypes.contenttype", "pk": 5, "fields": {"app_label": "contenttypes", "model": "contenttype"}}, {"model": "contenttypes.contenttype", "pk": 6, "fields": {"app_label": "sessions", "model": "session"}}, {"model": "contenttypes.contenttype", "pk": 7, "fields": {"app_label": "restAPI", "model": "school"}}, {"model": "contenttypes.contenttype", "pk": 8, "fields": {"app_label": "restAPI", "model": "schoolroster"}}, {"model": "contenttypes.contenttype", "pk": 9, "fields": {"app_label": "restAPI", "model": "class"}}, {"model": "contenttypes.contenttype", "pk": 10, "fields": {"app_label": "restAPI", "model": "classroster"}}, {"model": "contenttypes.contenttype", "pk": 11, "fields": {"app_label": "restAPI", "model": "assignment"}}, {"model": "contenttypes.contenttype", "pk": 12, "fields": {"app_label": "restAPI", "model": "assignmentroster"}}, {"model": "contenttypes.contenttype", "pk": 13, "fields": {"app_label": "restAPI", "model": "task"}}, {"model": "contenttypes.contenttype", "pk": 14, "fields": {"app_label": "restAPI", "model": "profile"}}, {"model": "contenttypes.contenttype", "pk": 15, "fields": {"app_label": "authtoken", "model": "token"}}, {"model": "contenttypes.contenttype", "pk": 16, "fields": {"app_label": "guardian", "model": "userobjectpermission"}}, {"model": "contenttypes.contenttype", "pk": 17, "fields": {"app_label": "guardian", "model": "groupobjectpermission"}}, {"model": "contenttypes.contenttype", "pk": 18, "fields": {"app_label": "oauth2_provider", "model": "application"}}, {"model": "contenttypes.contenttype", "pk": 19, "fields": {"app_label": "oauth2_provider", "model": "grant"}}, {"model": "contenttypes.contenttype", "pk": 20, "fields": {"app_label": "oauth2_provider", "model": "accesstoken"}}, {"model": "contenttypes.contenttype", "pk": 21, "fields": {"app_label": "oauth2_provider", "model": "refreshtoken"}}, {"model": "contenttypes.contenttype", "pk": 22, "fields": {"app_label": "social_auth", "model": "usersocialauth"}}, {"model": "contenttypes.contenttype", "pk": 23, "fields": {"app_label": "social_auth", "model": "nonce"}}, {"model": "contenttypes.contenttype", "pk": 24, "fields": {"app_label": "social_auth", "model": "association"}}, {"model": "contenttypes.contenttype", "pk": 25, "fields": {"app_label": "social_auth", "model": "code"}}, {"model": "sessions.session", "pk": "n7rv49wclgolcf702trqk5t98xcvs3iz", "fields": {"session_data": "YmQxYjM4NTQ5ZDg0MGU2OWVjY2MzY2NjYWI2OTdhZTE4ZGNkYTJiYzp7Il9hdXRoX3VzZXJfaWQiOiIyIiwiX2F1dGhfdXNlcl9iYWNrZW5kIjoiZGphbmdvLmNvbnRyaWIuYXV0aC5iYWNrZW5kcy5Nb2RlbEJhY2tlbmQiLCJfYXV0aF91c2VyX2hhc2giOiI5YWI2ODI0N2M4ZGI1NzE0ZGI2NzJlNjIzNmU0ZGVjZGNhNzJlM2ZmIn0=", "expire_date": "2016-11-01T22:02:28.900Z"}}, {"model": "restAPI.school", "pk": 1, "fields": {"schoolName": "FIU", "schoolID": "123"}}, {"model": "restAPI.class", "pk": 1, "fields": {"school": 1, "className": "Discrete Math", "classID": "MAD 3502"}}, {"model": "restAPI.assignment", "pk": 1, "fields": {"classFK": 1, "assignmentName": "HW1", "startDate": "2016-10-18", "dueDate": null}}, {"model": "restAPI.assignment", "pk": 2, "fields": {"classFK": 1, "assignmentName": "HW2", "startDate": "2016-10-18", "dueDate": null}}, {"model": "auth.permission", "pk": 1, "fields": {"name": "Can add log entry", "content_type": 1, "codename": "add_logentry"}}, {"model": "auth.permission", "pk": 2, "fields": {"name": "Can change log entry", "content_type": 1, "codename": "change_logentry"}}, {"model": "auth.permission", "pk": 3, "fields": {"name": "Can delete log entry", "content_type": 1, "codename": "delete_logentry"}}, {"model": "auth.permission", "pk": 4, "fields": {"name": "Can add permission", "content_type": 2, "codename": "add_permission"}}, {"model": "auth.permission", "pk": 5, "fields": {"name": "Can change permission", "content_type": 2, "codename": "change_permission"}}, {"model": "auth.permission", "pk": 6, "fields": {"name": "Can delete permission", "content_type": 2, "codename": "delete_permission"}}, {"model": "auth.permission", "pk": 7, "fields": {"name": "Can add group", "content_type": 3, "codename": "add_group"}}, {"model": "auth.permission", "pk": 8, "fields": {"name": "Can change group", "content_type": 3, "codename": "change_group"}}, {"model": "auth.permission", "pk": 9, "fields": {"name": "Can delete group", "content_type": 3, "codename": "delete_group"}}, {"model": "auth.permission", "pk": 10, "fields": {"name": "Can add user", "content_type": 4, "codename": "add_user"}}, {"model": "auth.permission", "pk": 11, "fields": {"name": "Can change user", "content_type": 4, "codename": "change_user"}}, {"model": "auth.permission", "pk": 12, "fields": {"name": "Can delete user", "content_type": 4, "codename": "delete_user"}}, {"model": "auth.permission", "pk": 13, "fields": {"name": "Can add content type", "content_type": 5, "codename": "add_contenttype"}}, {"model": "auth.permission", "pk": 14, "fields": {"name": "Can change content type", "content_type": 5, "codename": "change_contenttype"}}, {"model": "auth.permission", "pk": 15, "fields": {"name": "Can delete content type", "content_type": 5, "codename": "delete_contenttype"}}, {"model": "auth.permission", "pk": 16, "fields": {"name": "Can add session", "content_type": 6, "codename": "add_session"}}, {"model": "auth.permission", "pk": 17, "fields": {"name": "Can change session", "content_type": 6, "codename": "change_session"}}, {"model": "auth.permission", "pk": 18, "fields": {"name": "Can delete session", "content_type": 6, "codename": "delete_session"}}, {"model": "auth.permission", "pk": 19, "fields": {"name": "Can add school", "content_type": 7, "codename": "add_school"}}, {"model": "auth.permission", "pk": 20, "fields": {"name": "Can change school", "content_type": 7, "codename": "change_school"}}, {"model": "auth.permission", "pk": 21, "fields": {"name": "Can delete school", "content_type": 7, "codename": "delete_school"}}, {"model": "auth.permission", "pk": 22, "fields": {"name": "View school", "content_type": 7, "codename": "view_school"}}, {"model": "auth.permission", "pk": 23, "fields": {"name": "Can add school roster", "content_type": 8, "codename": "add_schoolroster"}}, {"model": "auth.permission", "pk": 24, "fields": {"name": "Can change school roster", "content_type": 8, "codename": "change_schoolroster"}}, {"model": "auth.permission", "pk": 25, "fields": {"name": "Can delete school roster", "content_type": 8, "codename": "delete_schoolroster"}}, {"model": "auth.permission", "pk": 26, "fields": {"name": "Can add class", "content_type": 9, "codename": "add_class"}}, {"model": "auth.permission", "pk": 27, "fields": {"name": "Can change class", "content_type": 9, "codename": "change_class"}}, {"model": "auth.permission", "pk": 28, "fields": {"name": "Can delete class", "content_type": 9, "codename": "delete_class"}}, {"model": "auth.permission", "pk": 29, "fields": {"name": "View classes", "content_type": 9, "codename": "view_class"}}, {"model": "auth.permission", "pk": 30, "fields": {"name": "Can add class roster", "content_type": 10, "codename": "add_classroster"}}, {"model": "auth.permission", "pk": 31, "fields": {"name": "Can change class roster", "content_type": 10, "codename": "change_classroster"}}, {"model": "auth.permission", "pk": 32, "fields": {"name": "Can delete class roster", "content_type": 10, "codename": "delete_classroster"}}, {"model": "auth.permission", "pk": 33, "fields": {"name": "Can add assignment", "content_type": 11, "codename": "add_assignment"}}, {"model": "auth.permission", "pk": 34, "fields": {"name": "Can change assignment", "content_type": 11, "codename": "change_assignment"}}, {"model": "auth.permission", "pk": 35, "fields": {"name": "Can delete assignment", "content_type": 11, "codename": "delete_assignment"}}, {"model": "auth.permission", "pk": 36, "fields": {"name": "View assignments", "content_type": 11, "codename": "view_assignment"}}, {"model": "auth.permission", "pk": 37, "fields": {"name": "Can add assignment roster", "content_type": 12, "codename": "add_assignmentroster"}}, {"model": "auth.permission", "pk": 38, "fields": {"name": "Can change assignment roster", "content_type": 12, "codename": "change_assignmentroster"}}, {"model": "auth.permission", "pk": 39, "fields": {"name": "Can delete assignment roster", "content_type": 12, "codename": "delete_assignmentroster"}}, {"model": "auth.permission", "pk": 40, "fields": {"name": "Can add task", "content_type": 13, "codename": "add_task"}}, {"model": "auth.permission", "pk": 41, "fields": {"name": "Can change task", "content_type": 13, "codename": "change_task"}}, {"model": "auth.permission", "pk": 42, "fields": {"name": "Can delete task", "content_type": 13, "codename": "delete_task"}}, {"model": "auth.permission", "pk": 43, "fields": {"name": "View tasks", "content_type": 13, "codename": "view_task"}}, {"model": "auth.permission", "pk": 44, "fields": {"name": "Can add profile", "content_type": 14, "codename": "add_profile"}}, {"model": "auth.permission", "pk": 45, "fields": {"name": "Can change profile", "content_type": 14, "codename": "change_profile"}}, {"model": "auth.permission", "pk": 46, "fields": {"name": "Can delete profile", "content_type": 14, "codename": "delete_profile"}}, {"model": "auth.permission", "pk": 47, "fields": {"name": "View user profile", "content_type": 14, "codename": "view_profile"}}, {"model": "auth.permission", "pk": 48, "fields": {"name": "Can add Token", "content_type": 15, "codename": "add_token"}}, {"model": "auth.permission", "pk": 49, "fields": {"name": "Can change Token", "content_type": 15, "codename": "change_token"}}, {"model": "auth.permission", "pk": 50, "fields": {"name": "Can delete Token", "content_type": 15, "codename": "delete_token"}}, {"model": "auth.permission", "pk": 51, "fields": {"name": "Can add user object permission", "content_type": 16, "codename": "add_userobjectpermission"}}, {"model": "auth.permission", "pk": 52, "fields": {"name": "Can change user object permission", "content_type": 16, "codename": "change_userobjectpermission"}}, {"model": "auth.permission", "pk": 53, "fields": {"name": "Can delete user object permission", "content_type": 16, "codename": "delete_userobjectpermission"}}, {"model": "auth.permission", "pk": 54, "fields": {"name": "Can add group object permission", "content_type": 17, "codename": "add_groupobjectpermission"}}, {"model": "auth.permission", "pk": 55, "fields": {"name": "Can change group object permission", "content_type": 17, "codename": "change_groupobjectpermission"}}, {"model": "auth.permission", "pk": 56, "fields": {"name": "Can delete group object permission", "content_type": 17, "codename": "delete_groupobjectpermission"}}, {"model": "auth.permission", "pk": 57, "fields": {"name": "Can add application", "content_type": 18, "codename": "add_application"}}, {"model": "auth.permission", "pk": 58, "fields": {"name": "Can change application", "content_type": 18, "codename": "change_application"}}, {"model": "auth.permission", "pk": 59, "fields": {"name": "Can delete application", "content_type": 18, "codename": "delete_application"}}, {"model": "auth.permission", "pk": 60, "fields": {"name": "Can add grant", "content_type": 19, "codename": "add_grant"}}, {"model": "auth.permission", "pk": 61, "fields": {"name": "Can change grant", "content_type": 19, "codename": "change_grant"}}, {"model": "auth.permission", "pk": 62, "fields": {"name": "Can delete grant", "content_type": 19, "codename": "delete_grant"}}, {"model": "auth.permission", "pk": 63, "fields": {"name": "Can add access token", "content_type": 20, "codename": "add_accesstoken"}}, {"model": "auth.permission", "pk": 64, "fields": {"name": "Can change access token", "content_type": 20, "codename": "change_accesstoken"}}, {"model": "auth.permission", "pk": 65, "fields": {"name": "Can delete access token", "content_type": 20, "codename": "delete_accesstoken"}}, {"model": "auth.permission", "pk": 66, "fields": {"name": "Can add refresh token", "content_type": 21, "codename": "add_refreshtoken"}}, {"model": "auth.permission", "pk": 67, "fields": {"name": "Can change refresh token", "content_type": 21, "codename": "change_refreshtoken"}}, {"model": "auth.permission", "pk": 68, "fields": {"name": "Can delete refresh token", "content_type": 21, "codename": "delete_refreshtoken"}}, {"model": "auth.permission", "pk": 69, "fields": {"name": "Can add user social auth", "content_type": 22, "codename": "add_usersocialauth"}}, {"model": "auth.permission", "pk": 70, "fields": {"name": "Can change user social auth", "content_type": 22, "codename": "change_usersocialauth"}}, {"model": "auth.permission", "pk": 71, "fields": {"name": "Can delete user social auth", "content_type": 22, "codename": "delete_usersocialauth"}}, {"model": "auth.permission", "pk": 72, "fields": {"name": "Can add nonce", "content_type": 23, "codename": "add_nonce"}}, {"model": "auth.permission", "pk": 73, "fields": {"name": "Can change nonce", "content_type": 23, "codename": "change_nonce"}}, {"model": "auth.permission", "pk": 74, "fields": {"name": "Can delete nonce", "content_type": 23, "codename": "delete_nonce"}}, {"model": "auth.permission", "pk": 75, "fields": {"name": "Can add association", "content_type": 24, "codename": "add_association"}}, {"model": "auth.permission", "pk": 76, "fields": {"name": "Can change association", "content_type": 24, "codename": "change_association"}}, {"model": "auth.permission", "pk": 77, "fields": {"name": "Can delete association", "content_type": 24, "codename": "delete_association"}}, {"model": "auth.permission", "pk": 78, "fields": {"name": "Can add code", "content_type": 25, "codename": "add_code"}}, {"model": "auth.permission", "pk": 79, "fields": {"name": "Can change code", "content_type": 25, "codename": "change_code"}}, {"model": "auth.permission", "pk": 80, "fields": {"name": "Can delete code", "content_type": 25, "codename": "delete_code"}}, {"model": "auth.group", "pk": 1, "fields": {"name": "student", "permissions": [1, 2, 3, 7, 8, 9, 4, 5, 6, 10, 11, 12, 48, 49, 50, 13, 14, 15, 54, 55, 56, 51, 52, 53, 63, 64, 65, 57, 58, 59, 60, 61, 62, 66, 67, 68, 33, 34, 35, 36, 37, 38, 39, 26, 27, 28, 29, 30, 31, 32, 44, 45, 46, 47, 19, 20, 21, 22, 23, 24, 25, 40, 41, 42, 43, 16, 17, 18, 75, 76, 77, 78, 79, 80, 72, 73, 74, 69, 70, 71]}}, {"model": "auth.user", "pk": 1, "fields": {"password": "!bkUNfDEbAnOHZNefmsgEE3YdQCFNJSsp8Ad8bWcC", "last_login": null, "is_superuser": false, "username": "AnonymousUser", "first_name": "", "last_name": "", "email": "", "is_staff": false, "is_active": true, "date_joined": "2016-10-18T21:51:47.095Z", "groups": [], "user_permissions": []}}, {"model": "auth.user", "pk": 2, "fields": {"password": "pbkdf2_sha256$24000$m4bPAGdwyWtO$fXXbOOzhjWbJ7wdUyuhpy/QJmjZVGtcdjNGKWL4zSOI=", "last_login": "2016-10-18T22:02:28.897Z", "is_superuser": true, "username": "admin", "first_name": "", "last_name": "", "email": "admin@neat.com", "is_staff": true, "is_active": true, "date_joined": "2016-10-18T22:01:49.772Z", "groups": [], "user_permissions": []}}, {"model": "auth.user", "pk": 3, "fields": {"password": "pbkdf2_sha256$24000$QOn9jTWfUBCI$oyUVrlk0w9w3zXXnupONJaPSlZPXJ5SnyHjcTMLyo/k=", "last_login": null, "is_superuser": false, "username": "user1@neat.com", "first_name": "John", "last_name": "Smith", "email": "user1@neat.com", "is_staff": false, "is_active": true, "date_joined": "2016-10-18T22:08:35.540Z", "groups": [1], "user_permissions": []}}, {"model": "auth.user", "pk": 4, "fields": {"password": "pbkdf2_sha256$24000$SmGFWz6OxCQr$NgBk4f4AlGhgDvtDKsq/0dW6KqJ9L4LEGf7nuV5nz0g=", "last_login": null, "is_superuser": false, "username": "user2@neat.com", "first_name": "John", "last_name": "Smith", "email": "user2@neat.com", "is_staff": false, "is_active": true, "date_joined": "2016-10-18T22:08:45.697Z", "groups": [1], "user_permissions": []}}, {"model": "auth.user", "pk": 5, "fields": {"password": "pbkdf2_sha256$24000$HztlQLlsqRam$GY+XpWnXR8FHt/x/43C8r4fD7rBp5hsMzAOd+bhAK1M=", "last_login": null, "is_superuser": false, "username": "user3@neat.com", "first_name": "John", "last_name": "Smith", "email": "user3@neat.com", "is_staff": false, "is_active": true, "date_joined": "2016-10-18T22:08:55.165Z", "groups": [1], "user_permissions": []}}, {"model": "restAPI.schoolroster", "pk": 1, "fields": {"school": 1, "user": 3, "schoolYear": 2016}}, {"model": "restAPI.schoolroster", "pk": 2, "fields": {"school": 1, "user": 4, "schoolYear": 2016}}, {"model": "restAPI.schoolroster", "pk": 3, "fields": {"school": 1, "user": 5, "schoolYear": 2016}}, {"model": "restAPI.classroster", "pk": 1, "fields": {"classFK": 1, "user": 3}}, {"model": "restAPI.classroster", "pk": 2, "fields": {"classFK": 1, "user": 4}}, {"model": "restAPI.classroster", "pk": 3, "fields": {"classFK": 1, "user": 5}}, {"model": "restAPI.assignmentroster", "pk": 1, "fields": {"assignment": 1, "user": 3}}, {"model": "restAPI.assignmentroster", "pk": 2, "fields": {"assignment": 1, "user": 4}}, {"model": "restAPI.assignmentroster", "pk": 3, "fields": {"assignment": 1, "user": 5}}, {"model": "restAPI.assignmentroster", "pk": 4, "fields": {"assignment": 2, "user": 3}}, {"model": "restAPI.assignmentroster", "pk": 5, "fields": {"assignment": 2, "user": 4}}, {"model": "restAPI.assignmentroster", "pk": 6, "fields": {"assignment": 2, "user": 5}}, {"model": "restAPI.task", "pk": 1, "fields": {"assignment": 1, "user": 3, "taskName": "Task1", "isDone": true, "hoursPlanned": null, "hoursCompleted": null, "startDate": "2016-10-18", "endDate": null}}, {"model": "restAPI.task", "pk": 2, "fields": {"assignment": 1, "user": 3, "taskName": "Task2", "isDone": true, "hoursPlanned": null, "hoursCompleted": null, "startDate": "2016-10-18", "endDate": null}}, {"model": "restAPI.task", "pk": 3, "fields": {"assignment": 1, "user": 3, "taskName": "Task3", "isDone": false, "hoursPlanned": null, "hoursCompleted": null, "startDate": "2016-10-18", "endDate": null}}, {"model": "restAPI.task", "pk": 4, "fields": {"assignment": 1, "user": 3, "taskName": "Task4", "isDone": false, "hoursPlanned": null, "hoursCompleted": null, "startDate": "2016-10-18", "endDate": null}}, {"model": "restAPI.task", "pk": 6, "fields": {"assignment": 2, "user": 3, "taskName": "Task1", "isDone": false, "hoursPlanned": null, "hoursCompleted": null, "startDate": "2016-10-18", "endDate": null}}, {"model": "restAPI.task", "pk": 7, "fields": {"assignment": 1, "user": 4, "taskName": "Task1", "isDone": true, "hoursPlanned": null, "hoursCompleted": null, "startDate": "2016-10-18", "endDate": null}}, {"model": "restAPI.task", "pk": 8, "fields": {"assignment": 1, "user": 4, "taskName": "Task2", "isDone": true, "hoursPlanned": null, "hoursCompleted": null, "startDate": "2016-10-18", "endDate": null}}, {"model": "restAPI.task", "pk": 9, "fields": {"assignment": 1, "user": 4, "taskName": "Task3", "isDone": false, "hoursPlanned": null, "hoursCompleted": null, "startDate": "2016-10-18", "endDate": null}}, {"model": "restAPI.task", "pk": 10, "fields": {"assignment": 1, "user": 4, "taskName": "Task4", "isDone": false, "hoursPlanned": null, "hoursCompleted": null, "startDate": "2016-10-18", "endDate": null}}, {"model": "restAPI.task", "pk": 11, "fields": {"assignment": 2, "user": 4, "taskName": "Task1", "isDone": true, "hoursPlanned": null, "hoursCompleted": null, "startDate": "2016-10-18", "endDate": null}}, {"model": "restAPI.task", "pk": 12, "fields": {"assignment": 2, "user": 4, "taskName": "Task2", "isDone": false, "hoursPlanned": null, "hoursCompleted": null, "startDate": "2016-10-18", "endDate": null}}, {"model": "restAPI.task", "pk": 13, "fields": {"assignment": 2, "user": 4, "taskName": "Task3", "isDone": false, "hoursPlanned": null, "hoursCompleted": null, "startDate": "2016-10-18", "endDate": null}}, {"model": "restAPI.task", "pk": 14, "fields": {"assignment": 1, "user": 5, "taskName": "Task1", "isDone": false, "hoursPlanned": null, "hoursCompleted": null, "startDate": "2016-10-18", "endDate": null}}, {"model": "restAPI.profile", "pk": 1, "fields": {"user": 3, "grade": 12, "age": 23, "gender": "male", "verified": false, "emailCode": null, "passwordCode": null}}, {"model": "restAPI.profile", "pk": 2, "fields": {"user": 4, "grade": 12, "age": 23, "gender": "male", "verified": false, "emailCode": null, "passwordCode": null}}, {"model": "restAPI.profile", "pk": 3, "fields": {"user": 5, "grade": 12, "age": 23, "gender": "male", "verified": false, "emailCode": null, "passwordCode": null}}, {"model": "guardian.userobjectpermission", "pk": 1, "fields": {"permission": 22, "content_type": 7, "object_pk": "1", "user": 1}}, {"model": "guardian.userobjectpermission", "pk": 2, "fields": {"permission": 20, "content_type": 7, "object_pk": "1", "user": 1}}, {"model": "guardian.userobjectpermission", "pk": 3, "fields": {"permission": 21, "content_type": 7, "object_pk": "1", "user": 1}}, {"model": "admin.logentry", "pk": 1, "fields": {"action_time": "2016-10-18T22:02:56.582Z", "user": 2, "content_type": 3, "object_id": "1", "object_repr": "student", "action_flag": 1, "change_message": "Added."}}]