[{"model": "auth.group", "pk": 1, "fields": {"name": "student", "permissions": [1, 2, 3, 7, 8, 9, 4, 5, 6, 10, 11, 12, 48, 49, 50, 13, 14, 15, 54, 55, 56, 51, 52, 53, 63, 64, 65, 57, 58, 59, 60, 61, 62, 66, 67, 68, 33, 34, 35, 36, 37, 38, 39, 26, 27, 28, 29, 30, 31, 32, 44, 45, 46, 47, 19, 20, 21, 22, 23, 24, 25, 40, 41, 42, 43, 16, 17, 18, 75, 76, 77, 78, 79, 80, 72, 73, 74, 69, 70, 71]}}, {"model": "auth.user", "pk": 1, "fields": {"password": "!bkUNfDEbAnOHZNefmsgEE3YdQCFNJSsp8Ad8bWcC", "last_login": null, "is_superuser": false, "username": "AnonymousUser", "first_name": "", "last_name": "", "email": "", "is_staff": false, "is_active": true, "date_joined": "2016-10-18T21:51:47.095Z", "groups": [], "user_permissions": []}}, {"model": "auth.user", "pk": 2, "fields": {"password": "pbkdf2_sha256$24000$m4bPAGdwyWtO$fXXbOOzhjWbJ7wdUyuhpy/QJmjZVGtcdjNGKWL4zSOI=", "last_login": "2016-10-18T22:02:28.897Z", "is_superuser": true, "username": "admin", "first_name": "", "last_name": "", "email": "admin@neat.com", "is_staff": true, "is_active": true, "date_joined": "2016-10-18T22:01:49.772Z", "groups": [], "user_permissions": []}}, {"model": "auth.user", "pk": 3, "fields": {"password": "pbkdf2_sha256$24000$QOn9jTWfUBCI$oyUVrlk0w9w3zXXnupONJaPSlZPXJ5SnyHjcTMLyo/k=", "last_login": null, "is_superuser": false, "username": "user1@neat.com", "first_name": "John", "last_name": "Smith", "email": "user1@neat.com", "is_staff": false, "is_active": true, "date_joined": "2016-10-18T22:08:35.540Z", "groups": [1], "user_permissions": []}}, {"model": "auth.user", "pk": 4, "fields": {"password": "pbkdf2_sha256$24000$SmGFWz6OxCQr$NgBk4f4AlGhgDvtDKsq/0dW6KqJ9L4LEGf7nuV5nz0g=", "last_login": null, "is_superuser": false, "username": "user2@neat.com", "first_name": "John", "last_name": "Smith", "email": "user2@neat.com", "is_staff": false, "is_active": true, "date_joined": "2016-10-18T22:08:45.697Z", "groups": [1], "user_permissions": []}}, {"model": "auth.user", "pk": 5, "fields": {"password": "pbkdf2_sha256$24000$HztlQLlsqRam$GY+XpWnXR8FHt/x/43C8r4fD7rBp5hsMzAOd+bhAK1M=", "last_login": null, "is_superuser": false, "username": "user3@neat.com", "first_name": "John", "last_name": "Smith", "email": "user3@neat.com", "is_staff": false, "is_active": true, "date_joined": "2016-10-18T22:08:55.165Z", "groups": [1], "user_permissions": []}}, {"model": "sessions.session", "pk": "n7rv49wclgolcf702trqk5t98xcvs3iz", "fields": {"session_data": "YmQxYjM4NTQ5ZDg0MGU2OWVjY2MzY2NjYWI2OTdhZTE4ZGNkYTJiYzp7Il9hdXRoX3VzZXJfaWQiOiIyIiwiX2F1dGhfdXNlcl9iYWNrZW5kIjoiZGphbmdvLmNvbnRyaWIuYXV0aC5iYWNrZW5kcy5Nb2RlbEJhY2tlbmQiLCJfYXV0aF91c2VyX2hhc2giOiI5YWI2ODI0N2M4ZGI1NzE0ZGI2NzJlNjIzNmU0ZGVjZGNhNzJlM2ZmIn0=", "expire_date": "2016-11-01T22:02:28.900Z"}}, {"model": "restAPI.school", "pk": 1, "fields": {"schoolName": "FIU", "schoolID": "123"}}, {"model": "restAPI.schoolroster", "pk": 1, "fields": {"school": 1, "user": 3, "schoolYear": 2016}}, {"model": "restAPI.schoolroster", "pk": 2, "fields": {"school": 1, "user": 4, "schoolYear": 2016}}, {"model": "restAPI.schoolroster", "pk": 3, "fields": {"school": 1, "user": 5, "schoolYear": 2016}}, {"model": "restAPI.class", "pk": 1, "fields": {"school": 1, "className": "Discrete Math", "classID": "MAD 3502"}}, {"model": "restAPI.classroster", "pk": 1, "fields": {"classFK": 1, "user": 3}}, {"model": "restAPI.classroster", "pk": 2, "fields": {"classFK": 1, "user": 4}}, {"model": "restAPI.classroster", "pk": 3, "fields": {"classFK": 1, "user": 5}}, {"model": "restAPI.assignment", "pk": 1, "fields": {"classFK": 1, "assignmentName": "HW1", "startDate": "2016-10-18", "dueDate": null}}, {"model": "restAPI.assignment", "pk": 2, "fields": {"classFK": 1, "assignmentName": "HW2", "startDate": "2016-10-18", "dueDate": null}}, {"model": "restAPI.assignment", "pk": 3, "fields": {"classFK": 1, "assignmentName": "HW3", "startDate": "2016-10-20", "dueDate": null}}, {"model": "restAPI.assignmentroster", "pk": 1, "fields": {"assignment": 1, "user": 3}}, {"model": "restAPI.assignmentroster", "pk": 2, "fields": {"assignment": 1, "user": 4}}, {"model": "restAPI.assignmentroster", "pk": 3, "fields": {"assignment": 1, "user": 5}}, {"model": "restAPI.assignmentroster", "pk": 4, "fields": {"assignment": 2, "user": 3}}, {"model": "restAPI.assignmentroster", "pk": 5, "fields": {"assignment": 2, "user": 4}}, {"model": "restAPI.assignmentroster", "pk": 6, "fields": {"assignment": 2, "user": 5}}, {"model": "restAPI.task", "pk": 1, "fields": {"assignment": 1, "user": 3, "taskName": "Task1", "isDone": true, "hoursPlanned": null, "hoursCompleted": null, "startDate": "2016-10-18", "endDate": null}}, {"model": "restAPI.task", "pk": 2, "fields": {"assignment": 1, "user": 3, "taskName": "Task2", "isDone": true, "hoursPlanned": null, "hoursCompleted": null, "startDate": "2016-10-18", "endDate": null}}, {"model": "restAPI.task", "pk": 3, "fields": {"assignment": 1, "user": 3, "taskName": "Task3", "isDone": false, "hoursPlanned": null, "hoursCompleted": null, "startDate": "2016-10-18", "endDate": null}}, {"model": "restAPI.task", "pk": 4, "fields": {"assignment": 1, "user": 3, "taskName": "Task4", "isDone": false, "hoursPlanned": null, "hoursCompleted": null, "startDate": "2016-10-18", "endDate": null}}, {"model": "restAPI.task", "pk": 6, "fields": {"assignment": 2, "user": 3, "taskName": "Task1", "isDone": false, "hoursPlanned": null, "hoursCompleted": null, "startDate": "2016-10-18", "endDate": null}}, {"model": "restAPI.task", "pk": 7, "fields": {"assignment": 1, "user": 4, "taskName": "Task1", "isDone": true, "hoursPlanned": null, "hoursCompleted": null, "startDate": "2016-10-18", "endDate": null}}, {"model": "restAPI.task", "pk": 8, "fields": {"assignment": 1, "user": 4, "taskName": "Task2", "isDone": true, "hoursPlanned": null, "hoursCompleted": null, "startDate": "2016-10-18", "endDate": null}}, {"model": "restAPI.task", "pk": 9, "fields": {"assignment": 1, "user": 4, "taskName": "Task3", "isDone": false, "hoursPlanned": null, "hoursCompleted": null, "startDate": "2016-10-18", "endDate": null}}, {"model": "restAPI.task", "pk": 10, "fields": {"assignment": 1, "user": 4, "taskName": "Task4", "isDone": false, "hoursPlanned": null, "hoursCompleted": null, "startDate": "2016-10-18", "endDate": null}}, {"model": "restAPI.task", "pk": 11, "fields": {"assignment": 2, "user": 4, "taskName": "Task1", "isDone": true, "hoursPlanned": null, "hoursCompleted": null, "startDate": "2016-10-18", "endDate": null}}, {"model": "restAPI.task", "pk": 12, "fields": {"assignment": 2, "user": 4, "taskName": "Task2", "isDone": false, "hoursPlanned": null, "hoursCompleted": null, "startDate": "2016-10-18", "endDate": null}}, {"model": "restAPI.task", "pk": 13, "fields": {"assignment": 2, "user": 4, "taskName": "Task3", "isDone": false, "hoursPlanned": null, "hoursCompleted": null, "startDate": "2016-10-18", "endDate": null}}, {"model": "restAPI.task", "pk": 14, "fields": {"assignment": 1, "user": 5, "taskName": "Task1", "isDone": false, "hoursPlanned": null, "hoursCompleted": null, "startDate": "2016-10-18", "endDate": null}}, {"model": "restAPI.profile", "pk": 1, "fields": {"user": 3, "grade": 12, "age": 23, "gender": "male", "verified": false, "emailCode": null, "passwordCode": null}}, {"model": "restAPI.profile", "pk": 2, "fields": {"user": 4, "grade": 12, "age": 23, "gender": "male", "verified": false, "emailCode": null, "passwordCode": null}}, {"model": "restAPI.profile", "pk": 3, "fields": {"user": 5, "grade": 12, "age": 23, "gender": "male", "verified": false, "emailCode": null, "passwordCode": null}}, {"model": "authtoken.token", "pk": "701a39d1ab82f4d71a14c0d0826b342ac112573c", "fields": {"user": 3, "created": "2016-10-20T04:25:44.955Z"}}, {"model": "guardian.userobjectpermission", "pk": 1, "fields": {"permission": 22, "content_type": 7, "object_pk": "1", "user": 1}}, {"model": "guardian.userobjectpermission", "pk": 2, "fields": {"permission": 20, "content_type": 7, "object_pk": "1", "user": 1}}, {"model": "guardian.userobjectpermission", "pk": 3, "fields": {"permission": 21, "content_type": 7, "object_pk": "1", "user": 1}}, {"model": "admin.logentry", "pk": 1, "fields": {"action_time": "2016-10-18T22:02:56.582Z", "user": 2, "content_type": 3, "object_id": "1", "object_repr": "student", "action_flag": 1, "change_message": "Added."}}]